"Product type","AVG(`Defect rates`)"
haircare,2.4831501929246254
skincare,2.334680781980237
cosmetics,1.9192869782813182
