"Shipping carriers","Average Cost","Average Time"
"Carrier B",5.50924696892873,5.3023
"Carrier A",5.554922521651271,6.1429
"Carrier C",5.599291618337506,6.0345
