"Shipping carriers",Total_Revenue
"Carrier B",250094.6469879496
"Carrier A",142629.9946066852
"Carrier C",184880.17714337393
