"Shipping carriers","Transportation modes","Average shipping cost"
"Carrier B",Road,4.9763646684044796
"Carrier A",Road,5.465459540874855
"Carrier B",Air,6.216408189551571
"Carrier C",Rail,4.978396986060514
"Carrier A",Air,6.247389018973438
"Carrier C",Sea,5.383403437090473
"Carrier A",Rail,6.399831410665246
"Carrier C",Road,6.551611429893635
"Carrier B",Sea,5.55411774596795
"Carrier C",Air,5.45673772462213
"Carrier B",Rail,5.231036027990685
"Carrier A",Sea,3.8764021374176556
