"Customer demographics","Average Revenue"
Non-binary,5059.382674765622
Female,6460.579564865226
Unknown,5583.552704418538
Male,6030.209250466383
