"Supplier name","Shortest lead time","Cheapest cost"
"Supplier 3",1,1.0850685695870688
"Supplier 1",1,1.900762243519458
"Supplier 5",2,1.5972227430506774
"Supplier 4",1,11.423027139565695
"Supplier 2",2,4.46527843494324
