"Product type",Total_Revenue
haircare,174455.3906054623
skincare,241628.16213306325
cosmetics,161521.26599948312
